De Groote Hoef,"Hoeverdijk 11, 3920 Lommel, België",http://www.domeindegrootehoef.be/,+32 11 54 80 80,info@domeindegrootehoef.be
't Onderwerp,"Lepelstraat 8, 3920 Lommel, België",http://www.onderwerplommel.be/,+32 11 54 64 44,info@onderwerplommel.be
Restaurant Diana,"Kerkstraat 2, 3920 Lommel, België",http://www.restaurantdiana.be/,+32 11 54 43 86,info@restaurantdiana.be
Mi Media Naranja,"De Vryheyt 15, 3920 Lommel, België",http://www.mi-media-naranja.be/,+32 477 92 39 04,
Cocotte,"Koning Leopoldlaan 94, 3920 Lommel, België",http://www.restaurantcocotte.be/,+32 11 25 41 53,info@restaurantcocotte.be
Cuchara,"Lepelstraat 3, 3920 Lommel, België",http://www.cuchara.be/,+32 470 43 74 73,
de Waterkant,"Kanaalstraat 92, 3920 Lommel, België",http://www.dewaterkantlommel.be/,+32 11 39 10 91,
Eetcafé De Hutten,"Luikersteenweg 626, 3920 Lommel, België",http://www.dehutten.com/,+32 11 82 30 28,info@dehutten.com
Den Brugwachter,"Luikersteenweg 283, 3920 Lommel, België",http://www.denbrugwachter.be/,+32 11 66 14 84,info@denbrugwachter.be
Talloor,"Hertog Jan Plein 65, 3920 Lommel, België",http://www.brasserietalloor.be/,+32 468 52 37 31,info@brasserietalloor.be
De Elze,"Elzen 49, 3920 Lommel, België",http://www.de-elze.be/,+32 11 74 89 65,info@de-elze.be
Le Soleil,"Luikersteenweg 443, 3920 Lommel, België",http://www.lesoleilrestaurant.be/,+32 11 64 87 83,info@lesoleilrestaurant.be
Lunchroom Vivaldi,"Kerkstraat 59/W5, 3920 Lommel, België",https://www.lunchroomvivaldi.be/,+32 11 58 34 30,info@lunchroomvivaldi.be
Twins,"Lutlommel 7/A, 3920 Lommel, België",https://www.twinslommel.be/,+32 11 54 78 78,
PRIKTHAI Restaurant,"Kerkstraat 4, 3920 Lommel, België",https://www.prikthai.biz/,+32 494 24 67 71,contact@prikthai.biz
Hof ten Vrede,"Dodenveldstraat 30, 3920 Lommel, België",http://www.pemaro.be/,+32 477 32 31 35,
Terrazza Boutique,"Lepelstraat 9, 3920 Lommel, België",https://www.facebook.com/share/QznkRuuTfronjMtU/,+32 491 06 55 52,
BBQ Restaurant Den Bonten Oss,"Dorp 34, 3920 Lommel, België",http://www.bontenoss.be/,+32 11 55 16 82,
Ons Genoegen,"Kerkhovensesteenweg 437, 3920 Lommel, België",https://www.onsgenoegen.eu/,+32 11 91 71 92,
Vill'Artistiek,"Stationsstraat 27, 3920 Lommel, België",http://www.villartistiek.be/,+32 474 33 60 02,info@villartistiek.be
De Groote Hoef,"Hoeverdijk 11, 3920 Lommel, België",http://www.domeindegrootehoef.be/,+32 11 54 80 80,info@domeindegrootehoef.be
't Onderwerp,"Lepelstraat 8, 3920 Lommel, België",http://www.onderwerplommel.be/,+32 11 54 64 44,info@onderwerplommel.be
Restaurant Diana,"Kerkstraat 2, 3920 Lommel, België",http://www.restaurantdiana.be/,+32 11 54 43 86,info@restaurantdiana.be
Mi Media Naranja,"De Vryheyt 15, 3920 Lommel, België",http://www.mi-media-naranja.be/,+32 477 92 39 04,
Cocotte,"Koning Leopoldlaan 94, 3920 Lommel, België",http://www.restaurantcocotte.be/,+32 11 25 41 53,info@restaurantcocotte.be
Cuchara,"Lepelstraat 3, 3920 Lommel, België",http://www.cuchara.be/,+32 470 43 74 73,
de Waterkant,"Kanaalstraat 92, 3920 Lommel, België",http://www.dewaterkantlommel.be/,+32 11 39 10 91,
Eetcafé De Hutten,"Luikersteenweg 626, 3920 Lommel, België",http://www.dehutten.com/,+32 11 82 30 28,info@dehutten.com
Den Brugwachter,"Luikersteenweg 283, 3920 Lommel, België",http://www.denbrugwachter.be/,+32 11 66 14 84,info@denbrugwachter.be
Talloor,"Hertog Jan Plein 65, 3920 Lommel, België",http://www.brasserietalloor.be/,+32 468 52 37 31,info@brasserietalloor.be
De Elze,"Elzen 49, 3920 Lommel, België",http://www.de-elze.be/,+32 11 74 89 65,info@de-elze.be
Le Soleil,"Luikersteenweg 443, 3920 Lommel, België",http://www.lesoleilrestaurant.be/,+32 11 64 87 83,info@lesoleilrestaurant.be
Lunchroom Vivaldi,"Kerkstraat 59/W5, 3920 Lommel, België",https://www.lunchroomvivaldi.be/,+32 11 58 34 30,info@lunchroomvivaldi.be
Twins,"Lutlommel 7/A, 3920 Lommel, België",https://www.twinslommel.be/,+32 11 54 78 78,
PRIKTHAI Restaurant,"Kerkstraat 4, 3920 Lommel, België",https://www.prikthai.biz/,+32 494 24 67 71,contact@prikthai.biz
Hof ten Vrede,"Dodenveldstraat 30, 3920 Lommel, België",http://www.pemaro.be/,+32 477 32 31 35,
Terrazza Boutique,"Lepelstraat 9, 3920 Lommel, België",https://www.facebook.com/share/QznkRuuTfronjMtU/,+32 491 06 55 52,
BBQ Restaurant Den Bonten Oss,"Dorp 34, 3920 Lommel, België",http://www.bontenoss.be/,+32 11 55 16 82,
Ons Genoegen,"Kerkhovensesteenweg 437, 3920 Lommel, België",https://www.onsgenoegen.eu/,+32 11 91 71 92,
Vill'Artistiek,"Stationsstraat 27, 3920 Lommel, België",http://www.villartistiek.be/,+32 474 33 60 02,info@villartistiek.be
De Groote Hoef,"Hoeverdijk 11, 3920 Lommel, België",http://www.domeindegrootehoef.be/,+32 11 54 80 80,info@domeindegrootehoef.be
't Onderwerp,"Lepelstraat 8, 3920 Lommel, België",http://www.onderwerplommel.be/,+32 11 54 64 44,info@onderwerplommel.be
Restaurant Diana,"Kerkstraat 2, 3920 Lommel, België",http://www.restaurantdiana.be/,+32 11 54 43 86,info@restaurantdiana.be
Mi Media Naranja,"De Vryheyt 15, 3920 Lommel, België",http://www.mi-media-naranja.be/,+32 477 92 39 04,
Cocotte,"Koning Leopoldlaan 94, 3920 Lommel, België",http://www.restaurantcocotte.be/,+32 11 25 41 53,info@restaurantcocotte.be
Cuchara,"Lepelstraat 3, 3920 Lommel, België",http://www.cuchara.be/,+32 470 43 74 73,
de Waterkant,"Kanaalstraat 92, 3920 Lommel, België",http://www.dewaterkantlommel.be/,+32 11 39 10 91,
De Groote Hoef,"Hoeverdijk 11, 3920 Lommel, België",http://www.domeindegrootehoef.be/,+32 11 54 80 80,info@domeindegrootehoef.be
't Onderwerp,"Lepelstraat 8, 3920 Lommel, België",http://www.onderwerplommel.be/,+32 11 54 64 44,info@onderwerplommel.be
Restaurant Diana,"Kerkstraat 2, 3920 Lommel, België",http://www.restaurantdiana.be/,+32 11 54 43 86,info@restaurantdiana.be
Mi Media Naranja,"De Vryheyt 15, 3920 Lommel, België",http://www.mi-media-naranja.be/,+32 477 92 39 04,
Cocotte,"Koning Leopoldlaan 94, 3920 Lommel, België",http://www.restaurantcocotte.be/,+32 11 25 41 53,info@restaurantcocotte.be
Cuchara,"Lepelstraat 3, 3920 Lommel, België",http://www.cuchara.be/,+32 470 43 74 73,
de Waterkant,"Kanaalstraat 92, 3920 Lommel, België",http://www.dewaterkantlommel.be/,+32 11 39 10 91,
Eetcafé De Hutten,"Luikersteenweg 626, 3920 Lommel, België",http://www.dehutten.com/,+32 11 82 30 28,info@dehutten.com
Den Brugwachter,"Luikersteenweg 283, 3920 Lommel, België",http://www.denbrugwachter.be/,+32 11 66 14 84,info@denbrugwachter.be
Talloor,"Hertog Jan Plein 65, 3920 Lommel, België",http://www.brasserietalloor.be/,+32 468 52 37 31,info@brasserietalloor.be
De Elze,"Elzen 49, 3920 Lommel, België",http://www.de-elze.be/,+32 11 74 89 65,info@de-elze.be
Le Soleil,"Luikersteenweg 443, 3920 Lommel, België",http://www.lesoleilrestaurant.be/,+32 11 64 87 83,info@lesoleilrestaurant.be
Lunchroom Vivaldi,"Kerkstraat 59/W5, 3920 Lommel, België",https://www.lunchroomvivaldi.be/,+32 11 58 34 30,info@lunchroomvivaldi.be
Twins,"Lutlommel 7/A, 3920 Lommel, België",https://www.twinslommel.be/,+32 11 54 78 78,
PRIKTHAI Restaurant,"Kerkstraat 4, 3920 Lommel, België",https://www.prikthai.biz/,+32 494 24 67 71,contact@prikthai.biz
Bon’Air Rooftop Bar,"Torenplein 8, 3500 Hasselt, België",https://bonairrooftop.be/,+32 11 77 00 00,info@bonairrooftop.be
Bar Kaai,"Simpernelstraat 17, 3511 Hasselt, België",https://m.facebook.com/BarKaai/,+32 474 84 84 30,
The Barrel,"3500, Badderijstraat 14, 3500, België",http://thebarrelhasselt.be/,,
El Sueño,"Fruitmarkt 24, 3500 Hasselt, België",https://m.facebook.com/elsuenohasselt/?locale2=nl_NL,+32 11 74 94 98,
The Irish Times Pub,"Fruitmarkt 32, 3500 Hasselt, België",http://irish-times-pub.net/,+32 11 24 25 05,info@irish-times-pub.net
Mon Cafe,"Lombaardstraat 8, 3500 Hasselt, België",,+32 475 43 48 50,
Quetzal De Chocoladebar Hasselt,"Hemelrijk 6, 3500 Hasselt, België",http://www.quetzal.be/,+32 474 72 35 58,antwerpen@quetzal.be
Cambrinus,"Het Dorp 25, 3500 Hasselt, België",https://cafecambrinus.be/,+32 11 26 26 24,
O’Learys Hasselt,"Maastrichterstraat 49, 3500 Hasselt, België",https://olearys.be/hasselt-event-center/,+32 11 49 84 98,delphine@olearys.be
Klatch.bar,"Jeanne Moermansstraat 1, 3500 Hasselt, België",http://www.klatchbar.be/,+32 497 30 40 07,info@klatchbar.be
Boulebaar,"Leopoldplein 17, 3500 Hasselt, België",http://www.boulebaar.be/,,info@boulebaar.be
BottlO,"Schrijnwerkersstraat 21, 3500 Hasselt, België",https://www.bottlobar.com/,+32 468 11 40 07,info@bottlobar.com
Sortie Lounge,"Meldertstraat 38, 3500 Hasselt, België",,+32 488 51 37 89,
't Hemelrijk,"Hemelrijk 11, 3500 Hasselt, België",,,
Café René,"Hemelrijk 9, 3500 Hasselt, België",,,
MIXTA,"Zuivelmarkt 10, 3500 Hasselt, België",http://www.mixta.be/,+32 11 25 15 02,info@mixta.be
Wijnbar Dito,"Schrijnwerkersstraat 8, 3500 Hasselt, België",http://www.wijnbardito.be/,+32 11 91 70 95,info@wijnbardito.be
Jack’s,"Maastrichterstraat 69, 3500 Hasselt, België",,+32 477 61 37 75,
Bierpunt,"Zuivelmarkt 29, 3500 Hasselt, België",,+32 478 15 41 47,
El Bocado Grote Markt,"Grote Markt 17, 3500 Hasselt, België",https://www.elbocado.be/,+32 11 96 01 00,sint-truiden@elbocado.be
Bon’Air Rooftop Bar,"Torenplein 8, 3500 Hasselt, België",https://bonairrooftop.be/,+32 11 77 00 00,info@bonairrooftop.be
Bar Kaai,"Simpernelstraat 17, 3511 Hasselt, België",https://m.facebook.com/BarKaai/,+32 474 84 84 30,
The Barrel,"3500, Badderijstraat 14, 3500, België",http://thebarrelhasselt.be/,,
El Sueño,"Fruitmarkt 24, 3500 Hasselt, België",https://m.facebook.com/elsuenohasselt/?locale2=nl_NL,+32 11 74 94 98,
The Irish Times Pub,"Fruitmarkt 32, 3500 Hasselt, België",http://irish-times-pub.net/,+32 11 24 25 05,info@irish-times-pub.net
Mon Cafe,"Lombaardstraat 8, 3500 Hasselt, België",,+32 475 43 48 50,
Quetzal De Chocoladebar Hasselt,"Hemelrijk 6, 3500 Hasselt, België",http://www.quetzal.be/,+32 474 72 35 58,antwerpen@quetzal.be
Cambrinus,"Het Dorp 25, 3500 Hasselt, België",https://cafecambrinus.be/,+32 11 26 26 24,
O’Learys Hasselt,"Maastrichterstraat 49, 3500 Hasselt, België",https://olearys.be/hasselt-event-center/,+32 11 49 84 98,delphine@olearys.be
Klatch.bar,"Jeanne Moermansstraat 1, 3500 Hasselt, België",http://www.klatchbar.be/,+32 497 30 40 07,info@klatchbar.be
Boulebaar,"Leopoldplein 17, 3500 Hasselt, België",http://www.boulebaar.be/,,info@boulebaar.be
BottlO,"Schrijnwerkersstraat 21, 3500 Hasselt, België",https://www.bottlobar.com/,+32 468 11 40 07,info@bottlobar.com
Sortie Lounge,"Meldertstraat 38, 3500 Hasselt, België",,+32 488 51 37 89,
't Hemelrijk,"Hemelrijk 11, 3500 Hasselt, België",,,
Café René,"Hemelrijk 9, 3500 Hasselt, België",,,
MIXTA,"Zuivelmarkt 10, 3500 Hasselt, België",http://www.mixta.be/,+32 11 25 15 02,info@mixta.be
Wijnbar Dito,"Schrijnwerkersstraat 8, 3500 Hasselt, België",http://www.wijnbardito.be/,+32 11 91 70 95,info@wijnbardito.be
Jack’s,"Maastrichterstraat 69, 3500 Hasselt, België",,+32 477 61 37 75,
Bierpunt,"Zuivelmarkt 29, 3500 Hasselt, België",,+32 478 15 41 47,
El Bocado Grote Markt,"Grote Markt 17, 3500 Hasselt, België",https://www.elbocado.be/,+32 11 96 01 00,sint-truiden@elbocado.be
Bon’Air Rooftop Bar,"Torenplein 8, 3500 Hasselt, België",https://bonairrooftop.be/,+32 11 77 00 00,info@bonairrooftop.be
Bar Kaai,"Simpernelstraat 17, 3511 Hasselt, België",https://m.facebook.com/BarKaai/,+32 474 84 84 30,
The Barrel,"3500, Badderijstraat 14, 3500, België",http://thebarrelhasselt.be/,,
El Sueño,"Fruitmarkt 24, 3500 Hasselt, België",https://m.facebook.com/elsuenohasselt/?locale2=nl_NL,+32 11 74 94 98,
The Irish Times Pub,"Fruitmarkt 32, 3500 Hasselt, België",http://irish-times-pub.net/,+32 11 24 25 05,info@irish-times-pub.net
Mon Cafe,"Lombaardstraat 8, 3500 Hasselt, België",,+32 475 43 48 50,
Quetzal De Chocoladebar Hasselt,"Hemelrijk 6, 3500 Hasselt, België",http://www.quetzal.be/,+32 474 72 35 58,antwerpen@quetzal.be
Cambrinus,"Het Dorp 25, 3500 Hasselt, België",https://cafecambrinus.be/,+32 11 26 26 24,
O’Learys Hasselt,"Maastrichterstraat 49, 3500 Hasselt, België",https://olearys.be/hasselt-event-center/,+32 11 49 84 98,delphine@olearys.be
Klatch.bar,"Jeanne Moermansstraat 1, 3500 Hasselt, België",http://www.klatchbar.be/,+32 497 30 40 07,info@klatchbar.be
Boulebaar,"Leopoldplein 17, 3500 Hasselt, België",http://www.boulebaar.be/,,info@boulebaar.be
BottlO,"Schrijnwerkersstraat 21, 3500 Hasselt, België",https://www.bottlobar.com/,+32 468 11 40 07,info@bottlobar.com
Sortie Lounge,"Meldertstraat 38, 3500 Hasselt, België",,+32 488 51 37 89,
't Hemelrijk,"Hemelrijk 11, 3500 Hasselt, België",,,
Café René,"Hemelrijk 9, 3500 Hasselt, België",,,
MIXTA,"Zuivelmarkt 10, 3500 Hasselt, België",http://www.mixta.be/,+32 11 25 15 02,info@mixta.be
Bon’Air Rooftop Bar,"Torenplein 8, 3500 Hasselt, België",https://bonairrooftop.be/,+32 11 77 00 00,info@bonairrooftop.be
Bar Kaai,"Simpernelstraat 17, 3511 Hasselt, België",https://m.facebook.com/BarKaai/,+32 474 84 84 30,
The Barrel,"3500, Badderijstraat 14, 3500, België",http://thebarrelhasselt.be/,,
El Sueño,"Fruitmarkt 24, 3500 Hasselt, België",https://m.facebook.com/elsuenohasselt/?locale2=nl_NL,+32 11 74 94 98,
The Irish Times Pub,"Fruitmarkt 32, 3500 Hasselt, België",http://irish-times-pub.net/,+32 11 24 25 05,info@irish-times-pub.net
Mon Cafe,"Lombaardstraat 8, 3500 Hasselt, België",,+32 475 43 48 50,
Quetzal De Chocoladebar Hasselt,"Hemelrijk 6, 3500 Hasselt, België",http://www.quetzal.be/,+32 474 72 35 58,antwerpen@quetzal.be
Cambrinus,"Het Dorp 25, 3500 Hasselt, België",https://cafecambrinus.be/,+32 11 26 26 24,
O’Learys Hasselt,"Maastrichterstraat 49, 3500 Hasselt, België",https://olearys.be/hasselt-event-center/,+32 11 49 84 98,delphine@olearys.be
Klatch.bar,"Jeanne Moermansstraat 1, 3500 Hasselt, België",http://www.klatchbar.be/,+32 497 30 40 07,info@klatchbar.be
Boulebaar,"Leopoldplein 17, 3500 Hasselt, België",http://www.boulebaar.be/,,info@boulebaar.be
