STRAREX,"Madrasstraat 62, 2000 Antwerpen, België",https://strarex.com/,+32 472 83 78 42,jens.leysen@strarex.com
Boil - Branding agency,"Kipdorpbrug 1, 2000 Antwerpen, België",https://www.boil.agency/,+32 474 93 37 22,philippe@boil.agency
Rebel Agency 🐺,"Korte Nieuwstraat 7, 2000 Antwerpen, België",https://werebel.be/,+32 497 08 73 05,indy@werebel.be
Trust Marketing,"Meir 14, 2000 Antwerpen, België",http://www.trust-marketing.be/,+32 475 30 48 53,recruitment@trust-marketing.be
Future Marketing Agency,"Sint-Pietersvliet 7, 2000 Antwerpen, België",https://futuremarketing.agency/,,support@futuremarketing.agency
King of Hearts • Branding Agency,"Kloosterstraat 13, 2000 Antwerpen, België",http://www.kingofhearts.be/,+32 3 344 81 14,maarten@kingofhearts.be
Stigo Digital Agency,"Tabakvest 33, 2000 Antwerpen, België",http://www.stigo.be/,+32 476 30 39 86,jef.geerts@stigo.be
DexVille Agency,"Uitbreidingstraat 82, 2600 Antwerpen, België",https://www.dexville.be/,+32 3 808 16 38,caroline.vola@dexville.be
TeamTuesday Communicatiebureau Antwerpen,"Van Lissumstraat 18A, 2100 Antwerpen, België",http://www.teamtuesday.be/,+32 479 47 76 72,info@teamtuesday.be
Swift,"Noorderlaan 98, 2030 Antwerpen, België",https://swift.be/,+32 3 494 13 37,daniel@swift.be
Add Value,"Nassaustraat 40, 2000 Antwerpen, België",https://addvalue-agency.be/,+32 479 76 21 08,
Dallas Antwerp,"Karel Oomsstraat 47, 2018 Antwerpen, België",https://www.dallas.be/,+32 3 260 64 70,karel.dejonghe@dallas.be
Grizzly New Marketing BV,"Generaal Lemanstraat 55, 2018 Antwerpen, België",https://www.grizzlymarketing.be/,+32 78 48 29 06,aline.verheijen@grizzlymarketing.be
FCR Media Antwerpen,"Uitbreidingstraat 82, 2600 Antwerpen, België",https://fcrmedia.be/,+32 78 15 15 25,philip.mentink@fcrmedia.be
Upthrust,"Broederminstraat 9, 2018 Antwerpen, België",https://upthrust.eu/,+32 499 12 97 52,alexander.schmidt@upthrust.eu
Reputations,"Kerkstraat 19, 2060 Antwerpen, België",https://www.reputations.be/,+32 496 62 06 94,frederik@reputations.be
Onlyhumans,"Post X, Borsbeeksebrug 28 bus 6, Gebouw 5, Verdieping 6, 2600 Antwerpen, België",https://onlyhumans.com/,+32 3 443 29 00,dennis.nicholls@onlyhumans.com
Wingman Agency BV Antwerpen,"Amerikalei 160/Bus 11, 2000 Antwerpen, België",https://www.weareyourwingman.com/,+32 478 04 28 19,andreas@weareyourwingman.com
Grey Mouse,"De Keyserlei 60, 2018 Antwerpen, België",http://www.greymouse.be/,+32 479 78 38 89,eliselauwers@greymouse.be
The Bakery Agency | Online Marketing Bureau,"Frankrijklei 5, 2000 Antwerpen, België",https://wearethebakery.agency/?utm_source=googlemybusiness&utm_medium=organic&utm_campaign=website,+32 3 286 43 00,joris@wearethebakery.agency
Laura Massa Traiteur & Catering by Convento Food,"Wandelingstraat 10, 3000 Leuven, België",http://www.lauramassa.be/,+32 16 84 81 14,,Catering,4.7,71
Food Factory Atelier 1,"Riddersstraat 59, 3000 Leuven, België",https://www.foodfactory-leuven.be/,+32 16 22 62 35,sales@foodfactory-leuven.be (⚠️ onbetrouwbaar),Catering,4.5,18
Kapucijn,"Kapucijnenvoer 133, 3000 Leuven, België",http://www.traiteurkapucijn.be/,+32 471 86 32 60,,Catering,4.7,123
Food Factory Atelier 2,"Tiensestraat 163, 3000 Leuven, België",http://www.foodfactory-leuven.be/,+32 16 22 62 35,,Catering,5,2
Bouffe Leuven,"Tiensesteenweg 158, 3010 Leuven, België",http://www.bouffeleuven.be/,,,Cateringgroothandel in voeding en dranken,4.9,17
Laura Massa Traiteur & Catering by Convento Food,"Wandelingstraat 10, 3000 Leuven, België",http://www.lauramassa.be/,+32 16 84 81 14,,Catering,4.7,71
Food Factory Atelier 1,"Riddersstraat 59, 3000 Leuven, België",https://www.foodfactory-leuven.be/,+32 16 22 62 35,sales@foodfactory-leuven.be (⚠️ onbetrouwbaar),Catering,4.5,18
Kapucijn,"Kapucijnenvoer 133, 3000 Leuven, België",http://www.traiteurkapucijn.be/,+32 471 86 32 60,info@traiteurkapucijn.be (⚠️ onbetrouwbaar),Catering,4.7,123
Food Factory Atelier 2,"Tiensestraat 163, 3000 Leuven, België",http://www.foodfactory-leuven.be/,+32 16 22 62 35,,Catering,5,2
Bouffe Leuven,"Tiensesteenweg 158, 3010 Leuven, België",http://www.bouffeleuven.be/,,,Cateringgroothandel in voeding en dranken,4.9,17
